week,forecast,lower_bound,upper_bound,subject_category,target
2023-01-01,3221.0196959429677,1790.7379107464233,4742.089176298716,Medical,sales_quantity
2023-01-08,4551.84149036102,3096.326891539962,5924.632225572775,Medical,sales_quantity
2023-01-15,4629.422315515307,3109.4876781845956,6051.727311923073,Medical,sales_quantity
2023-01-22,3115.293371518649,1687.3423179216395,4502.062492081551,Medical,sales_quantity
2023-01-29,1009.0858374583124,-358.1423017230536,2469.0219831532704,Medical,sales_quantity
2023-02-05,-301.82145094536395,-1645.0706579765606,1079.780253038388,Medical,sales_quantity
2023-02-12,-352.3171939440033,-1744.3208393928348,1049.948511468447,Medical,sales_quantity
2023-02-19,128.91774091107754,-1269.8518257235435,1544.4787415849005,Medical,sales_quantity
2023-02-26,175.88447477046952,-1230.2905850617444,1562.3556564362175,Medical,sales_quantity
2023-03-05,-393.83489232505735,-1883.1676796743504,1044.9506631395304,Medical,sales_quantity
2023-03-12,-995.1409953273928,-2396.467758275608,381.9423699517855,Medical,sales_quantity
2023-03-19,-1128.0342700635663,-2502.208836541504,221.13460917573778,Medical,sales_quantity
2023-03-26,-941.9100851020146,-2399.58083918294,467.5777027442874,Medical,sales_quantity
2023-04-02,-888.4662586744835,-2313.9491736359837,455.632717045569,Medical,sales_quantity
2023-04-09,-1030.7649582835465,-2519.4205210072278,324.1576781852067,Medical,sales_quantity
2023-04-16,-946.4339702376633,-2447.8638570375565,321.1958430135889,Medical,sales_quantity
2023-04-23,-326.0133225432651,-1777.6038498630642,1045.6146723012512,Medical,sales_quantity
2023-04-30,542.3094704985514,-836.1772250501643,1964.8276345808329,Medical,sales_quantity
2023-05-07,1041.58211093317,-411.7689722002092,2341.433917714906,Medical,sales_quantity
2023-05-14,912.0119210836435,-602.9190379577052,2259.5453597778715,Medical,sales_quantity
2023-05-21,505.59362119741996,-942.5063125018734,1980.8536333035552,Medical,sales_quantity
2023-05-28,332.90770283578485,-1059.4060114333602,1724.8687353260011,Medical,sales_quantity
2023-06-04,501.7146734698034,-897.8789859820611,2022.8926225019516,Medical,sales_quantity
2023-06-11,713.3825009537801,-609.0280782088291,2124.8614130675305,Medical,sales_quantity
2023-06-18,722.2889833409042,-694.2108734833295,2226.768903696774,Medical,sales_quantity
2023-06-25,609.2874328858261,-779.8073370109759,2063.3805367152004,Medical,sales_quantity
2023-07-02,564.4302397981705,-735.4385749943791,1956.7844828313525,Medical,sales_quantity
2023-07-09,584.0119617092922,-816.8203014029408,1883.914585405471,Medical,sales_quantity
2023-07-16,570.3897449174425,-840.2545651230895,1941.2587397474065,Medical,sales_quantity
2023-07-23,680.70328960202,-769.805183963762,2132.22046200112,Medical,sales_quantity
2023-07-30,1324.5192309557358,-53.86422102592873,2726.647013187273,Medical,sales_quantity
2023-08-06,2639.5828161712043,1392.2655793181834,3997.4442095110717,Medical,sales_quantity
2023-08-13,4054.110145811909,2677.5462457450517,5495.06815029765,Medical,sales_quantity
2023-08-20,4597.995015019501,3175.9923280953553,5925.740200496035,Medical,sales_quantity
2023-08-27,3770.6745200472933,2351.1424063548957,5165.678314840288,Medical,sales_quantity
2023-09-03,2040.264321213941,679.7087304403732,3396.657196851755,Medical,sales_quantity
2023-09-10,398.1211215551566,-1038.4444253282675,1740.8988292535353,Medical,sales_quantity
2023-09-17,-543.1863852584565,-1951.769539450325,845.2650680462258,Medical,sales_quantity
2023-09-24,-926.6027057522641,-2340.283124889517,449.84832062402694,Medical,sales_quantity
2023-10-01,-1191.2694153347122,-2628.593734343938,103.44261231742838,Medical,sales_quantity
2023-10-08,-1453.7716538052834,-2882.3465974051073,-111.0436832786887,Medical,sales_quantity
2023-10-15,-1492.1739370074647,-2862.674900346924,-134.3879302159794,Medical,sales_quantity
2023-10-22,-1232.2359908789954,-2557.3501337925095,129.24012518537384,Medical,sales_quantity
2023-10-29,-980.056703362925,-2413.6166194951156,457.86920503231636,Medical,sales_quantity
2023-11-05,-1043.269131374541,-2452.0149925559426,288.4745009996738,Medical,sales_quantity
2023-11-12,-1271.3293232314277,-2691.4029151778977,119.97182403553806,Medical,sales_quantity
2023-11-19,-1204.4077467710365,-2532.7613901224345,118.08131463338651,Medical,sales_quantity
2023-11-26,-699.7774453829684,-2180.1346468104966,620.2591749089364,Medical,sales_quantity
2023-12-03,-192.00721421152042,-1699.1023902373154,1250.667595297112,Medical,sales_quantity
2023-12-10,-148.97493809653201,-1561.085749811848,1232.874378833194,Medical,sales_quantity
2023-12-17,-363.0488319160184,-1833.0274882536378,1009.4633031951446,Medical,sales_quantity
2023-12-24,-58.035894013928925,-1534.441072484717,1216.1189207649081,Medical,sales_quantity
2023-12-31,1157.0899460071164,-200.0989879818991,2542.2687365305806,Medical,sales_quantity
2024-01-07,2587.0028444568507,1094.0860283260897,4003.643510322173,Medical,sales_quantity
2024-01-14,2953.3315238640103,1542.411354848197,4351.088553267518,Medical,sales_quantity
2024-01-21,1682.9751403241785,309.69621143065973,3055.355467294322,Medical,sales_quantity
2024-01-28,-427.6174885498481,-1891.5831178126562,909.0246993624945,Medical,sales_quantity
2024-02-04,-1953.3566772040447,-3406.476084904495,-590.7174239120774,Medical,sales_quantity
2024-02-11,-2202.3131702781966,-3660.7998549491545,-640.7970010313549,Medical,sales_quantity
2024-02-18,-1734.9003592680165,-3062.578473066788,-287.33087557414586,Medical,sales_quantity
2024-02-25,-1567.3790666487591,-2873.407633438742,-38.96870695135904,Medical,sales_quantity
2024-03-03,-2056.8448737466365,-3433.6889021067263,-711.3745747391098,Medical,sales_quantity
2024-03-10,-2703.8005588673523,-4160.920446357352,-1333.6602730638888,Medical,sales_quantity
2024-03-17,-2928.5606284842042,-4281.257005678096,-1449.0393609098917,Medical,sales_quantity
2024-03-24,-2764.9711719920733,-4189.083333495481,-1313.2669147036252,Medical,sales_quantity
2024-03-31,-2665.5716165133017,-4090.982777018412,-1306.6924826961838,Medical,sales_quantity
2024-04-07,-2795.305026095423,-4240.525308533275,-1346.0890711299191,Medical,sales_quantity
2024-04-14,-2787.0947852651684,-4144.140262606571,-1439.7560313363776,Medical,sales_quantity
2024-04-21,-2259.64952424216,-3763.8977049360965,-973.9341867884104,Medical,sales_quantity
2024-04-28,-1390.8877394378376,-2800.648691514162,-31.97718699429752,Medical,sales_quantity
2024-05-05,-788.5793048017085,-2039.1240797309267,622.0657833629475,Medical,sales_quantity
2024-05-12,-816.738838458565,-2184.6003720168515,663.3760405398789,Medical,sales_quantity
2024-05-19,-1215.7321816498593,-2623.5898126483808,172.93813847698624,Medical,sales_quantity
2024-05-26,-1453.7911094083242,-2769.475217863047,-18.425389227224347,Medical,sales_quantity
2024-06-02,-1330.8331793435818,-2728.3530411614556,213.0353079617695,Medical,sales_quantity
2024-06-09,-1100.875842266408,-2494.201592620279,281.2461497571248,Medical,sales_quantity
2024-06-16,-1052.6987881424188,-2418.1030120654273,423.90974221404724,Medical,sales_quantity
2024-06-23,-1159.9982269497214,-2584.6858204566415,248.80312237838538,Medical,sales_quantity
2024-06-30,-1223.9013901352141,-2565.462314816303,246.58816141000014,Medical,sales_quantity
2024-07-07,-1206.6841110410955,-2620.6097736084416,82.35599900266281,Medical,sales_quantity
2024-07-14,-1215.0924285542053,-2604.221016999665,181.97495945029985,Medical,sales_quantity
2024-07-21,-1154.4227070123725,-2641.3082921259793,142.23346319270084,Medical,sales_quantity
2024-07-28,-632.4391787526307,-2105.0485322926997,702.758140515984,Medical,sales_quantity
2024-08-04,583.2158126473316,-930.9117540408375,1838.1723130016844,Medical,sales_quantity
2024-08-11,2049.9557817247546,698.6577536080979,3450.133262780464,Medical,sales_quantity
2024-08-18,2810.9066018027333,1353.1140999742724,4118.3835253412535,Medical,sales_quantity
2024-08-25,2221.594139092545,869.2154508711715,3689.212804246333,Medical,sales_quantity
2024-09-01,582.8388874840141,-836.6916333341705,1940.4584245365443,Medical,sales_quantity
2024-09-08,-1141.0832893481004,-2436.474024651223,236.39282752011064,Medical,sales_quantity
2024-09-15,-2216.6858130745923,-3701.337767342662,-707.4080719604455,Medical,sales_quantity
2024-09-22,-2666.140750484511,-4088.5142011471194,-1292.4475320835556,Medical,sales_quantity
2024-09-29,-2929.463729783103,-4398.162530018159,-1485.0738804420996,Medical,sales_quantity
2024-10-06,-3204.167374340266,-4641.719690381241,-1723.0689006674556,Medical,sales_quantity
2024-10-13,-3298.8651431698763,-4640.044698041968,-1809.3111538301764,Medical,sales_quantity
2024-10-20,-3078.763177641739,-4450.722666506012,-1780.2412135202455,Medical,sales_quantity
2024-10-27,-2794.7308923586584,-4119.528783363741,-1409.2581273392277,Medical,sales_quantity
2024-11-03,-2796.943833024028,-4247.01550071508,-1388.6925902565583,Medical,sales_quantity
2024-11-10,-3027.7929301661666,-4472.5866507245555,-1616.2312410336015,Medical,sales_quantity
2024-11-17,-3041.067042681833,-4436.356336582263,-1697.5427496390648,Medical,sales_quantity
2024-11-24,-2596.374343153163,-4047.616055130036,-1215.3626332727667,Medical,sales_quantity
2024-12-01,-2044.395741364814,-3456.058796997575,-775.8009424792941,Medical,sales_quantity
2024-12-08,-1909.0486813793598,-3388.871091794447,-435.4462017140182,Medical,sales_quantity
2024-12-15,-2127.465497443972,-3538.098145255707,-753.9194406282587,Medical,sales_quantity
2024-12-22,-1969.3131514323688,-3364.331878616559,-631.1943265025849,Medical,sales_quantity
2024-12-29,-898.1540345950398,-2271.7845663604176,420.00035572543345,Medical,sales_quantity
2025-01-05,586.1795429070312,-852.824866568775,2015.0331688279143,Medical,sales_quantity
2025-01-12,1220.9408700841432,-190.04018359135014,2652.2086045253373,Medical,sales_quantity
2025-01-19,221.9883165063684,-1335.545430325365,1618.6097858873782,Medical,sales_quantity
2025-01-26,-1843.4293114500865,-3187.8257444407304,-454.45437782667204,Medical,sales_quantity
2025-02-02,-3560.407123551353,-4946.018614137763,-2233.7124686310885,Medical,sales_quantity
2025-02-09,-4028.1694933042663,-5434.748408143725,-2602.4407384406304,Medical,sales_quantity
2025-02-16,-3610.3725204202074,-5040.127821764096,-2174.7648702955203,Medical,sales_quantity
2025-02-23,-3334.2043526436964,-4751.963644876102,-1983.149971292239,Medical,sales_quantity
2025-03-02,-3725.0355676698055,-5035.118003265725,-2289.7186621483256,Medical,sales_quantity
2025-03-09,-4397.032681704328,-5859.517634730786,-2903.8839837872088,Medical,sales_quantity
2025-03-16,-4715.411292977862,-6079.416604805266,-3256.870513706586,Medical,sales_quantity
2025-03-23,-4591.025010963569,-6028.600984989207,-3191.8244154951003,Medical,sales_quantity
2025-03-30,-4451.682858617314,-5862.525731851868,-3049.80706586153,Medical,sales_quantity
2025-04-06,-4555.504637005257,-6068.4009666310085,-3028.699746550633,Medical,sales_quantity
2025-04-13,-4609.455062719389,-5977.171095895033,-3193.2730298399147,Medical,sales_quantity
2025-04-20,-4181.06319127158,-5628.886744987715,-2780.6438757847627,Medical,sales_quantity
2025-04-27,-3333.337820029005,-4772.481676116818,-1983.34009397407,Medical,sales_quantity
2025-05-04,-2640.7633230222496,-4024.1509619588373,-1173.6850218956774,Medical,sales_quantity
2025-05-11,-2558.1176970889856,-4040.618647055348,-1041.9087828541537,Medical,sales_quantity
2025-05-18,-2930.860200320907,-4391.63283175543,-1504.2336866841435,Medical,sales_quantity
2025-05-25,-3227.5777153710414,-4538.452408164453,-1704.7016330621898,Medical,sales_quantity
2025-06-01,-3159.9179196449763,-4533.489196941098,-1693.6612335434227,Medical,sales_quantity
2025-06-08,-2921.9616554049785,-4405.487949113455,-1557.3837310844388,Medical,sales_quantity
2025-06-15,-2833.1706216114176,-4209.638570571536,-1451.7632395195797,Medical,sales_quantity
2025-06-22,-2927.3250383064146,-4250.852631007721,-1465.9699675124714,Medical,sales_quantity
2025-06-29,-3009.1212645109963,-4367.9568277640055,-1564.0982819881046,Medical,sales_quantity
2025-07-06,-2998.8194563868333,-4433.216447640071,-1621.294394304035,Medical,sales_quantity
2025-07-13,-2999.3832720909527,-4467.859983908316,-1648.7571155863507,Medical,sales_quantity
2025-07-20,-2974.4653351569036,-4358.816416759861,-1518.918970484151,Medical,sales_quantity
2025-07-27,-2565.2601337023452,-4013.9688016003734,-1163.0123785618978,Medical,sales_quantity
2025-08-03,-1463.534533279522,-2935.5181310838784,-223.56308662206953,Medical,sales_quantity
2025-08-10,22.417030391531625,-1514.7679350570606,1420.7103354035382,Medical,sales_quantity
2025-08-17,977.9468388293922,-474.8836995378343,2308.6620105777133,Medical,sales_quantity
2025-08-24,637.0866411540942,-756.3680896076562,2024.6515282076418,Medical,sales_quantity
2025-08-31,-876.5483474591483,-2294.969768877586,606.5989659708002,Medical,sales_quantity
2025-09-07,-2657.303996624536,-4125.0720699112135,-1157.1479543977737,Medical,sales_quantity
2025-09-14,-3869.01395801096,-5369.801184728474,-2557.6356702774447,Medical,sales_quantity
2025-09-21,-4400.596799928397,-5909.032075798963,-3059.2979277659865,Medical,sales_quantity
2025-09-28,-4669.278852950416,-6088.352326441022,-3286.338826455525,Medical,sales_quantity
2025-10-05,-4948.622463917629,-6419.457216830097,-3570.86662964185,Medical,sales_quantity
2025-10-12,-5094.251940605244,-6523.748232408426,-3637.5523011883984,Medical,sales_quantity
2025-10-19,-4922.895293824025,-6245.563524731758,-3422.5480968573243,Medical,sales_quantity
2025-10-26,-4619.810712535325,-6133.096279091956,-3349.6413463677545,Medical,sales_quantity
2025-11-02,-4559.1651760624145,-6005.767011474606,-3075.761143042586,Medical,sales_quantity
2025-11-09,-4776.7057333611865,-6275.403901605847,-3386.541578582598,Medical,sales_quantity
2025-11-16,-4861.254094109456,-6176.012347036842,-3517.646576178806,Medical,sales_quantity
2025-11-23,-4488.946642564314,-5768.310887920479,-3116.665134674387,Medical,sales_quantity
2025-11-30,-3911.8623860930993,-5315.558488850453,-2466.290168764618,Medical,sales_quantity
2025-12-07,-3682.527309541183,-5105.592105403287,-2315.789177706095,Medical,sales_quantity
2025-12-14,-3879.3803548215697,-5348.689119311008,-2390.8144344906927,Medical,sales_quantity
2025-12-21,-3848.3453536214683,-5283.977506480726,-2477.6346006477434,Medical,sales_quantity
2023-01-01,236717.79093299346,152258.29696902123,317055.1718313376,Medical,sales_amount
2023-01-08,302543.5488936998,219281.40628323465,374615.7440908943,Medical,sales_amount
2023-01-15,293317.8306113009,219811.49709920495,374660.1821384149,Medical,sales_amount
2023-01-22,197757.46289535466,124504.62726470729,276554.288931948,Medical,sales_amount
2023-01-29,78487.30892777558,-2782.0026455929064,156234.42516520104,Medical,sales_amount
2023-02-05,12644.493123489592,-73369.31612777799,92904.64801986677,Medical,sales_amount
2023-02-12,19124.370168495632,-59104.787324562,95834.64109652863,Medical,sales_amount
2023-02-19,50308.77680168918,-28945.10613693061,131658.62054982327,Medical,sales_amount
2023-02-26,51647.96735680298,-22203.552306553716,129160.73158315834,Medical,sales_amount
2023-03-05,17851.327134131207,-64047.46807091056,98332.72676822248,Medical,sales_amount
2023-03-12,-14283.525581734837,-91843.1703990374,66717.44383394571,Medical,sales_amount
2023-03-19,-17896.19032179314,-92615.8976661058,63675.32909875159,Medical,sales_amount
2023-03-26,-5448.7110788557475,-90510.67445316036,74247.84293458062,Medical,sales_amount
2023-04-02,-3678.722932101329,-81009.53041341783,78683.260105187,Medical,sales_amount
2023-04-09,-12608.469205008296,-87683.81234088656,67470.15916092793,Medical,sales_amount
2023-04-16,-3678.7062341660057,-84378.21160168553,75821.60796426135,Medical,sales_amount
2023-04-23,41477.23156641073,-37894.28621744811,119069.12708401849,Medical,sales_amount
2023-04-30,102607.59052693914,26458.671965162113,183067.8828653184,Medical,sales_amount
2023-05-07,139555.14723019625,59404.56128334078,222055.56537232548,Medical,sales_amount
2023-05-14,135105.2558202412,55857.67616585596,216673.10121045884,Medical,sales_amount
2023-05-21,110357.30856783412,35413.42262812883,197088.40315742622,Medical,sales_amount
2023-05-28,97177.6986331303,26357.878392268154,177857.3638952171,Medical,sales_amount
2023-06-04,104257.73516620415,22743.906639325898,188455.31020508255,Medical,sales_amount
2023-06-11,115963.68248369664,38317.314728363905,197237.3981458157,Medical,sales_amount
2023-06-18,118100.65168441064,37764.10373467279,197828.43720025173,Medical,sales_amount
2023-06-25,113359.8546677076,36668.910002500415,200311.30285838788,Medical,sales_amount
2023-07-02,109958.11905920139,25386.88301407811,194824.21925711623,Medical,sales_amount
2023-07-09,106841.49013077785,24100.126601462114,182146.32044440456,Medical,sales_amount
2023-07-16,101322.21044168365,19244.794057515373,175694.90376468384,Medical,sales_amount
2023-07-23,107670.24538286662,31070.66428999842,185867.75756014083,Medical,sales_amount
2023-07-30,152512.4922343795,65939.77195876958,232785.4530346332,Medical,sales_amount
2023-08-06,241101.23012439592,168196.995255765,321198.933162544,Medical,sales_amount
2023-08-13,333181.9279569681,256816.95787517863,417680.310163494,Medical,sales_amount
2023-08-20,366089.4102860006,286076.50258862774,444357.82577782084,Medical,sales_amount
2023-08-27,309574.303138912,239325.9396651293,391595.08000502316,Medical,sales_amount
2023-09-03,195103.17296563557,117816.67911106368,270015.8129693321,Medical,sales_amount
2023-09-10,86607.6388950387,12498.494199594794,166781.51300098986,Medical,sales_amount
2023-09-17,24234.927392190562,-53473.006572636245,104988.0831179205,Medical,sales_amount
2023-09-24,683.509007557237,-71927.03401833352,85518.74968197028,Medical,sales_amount
2023-10-01,-11657.009158375295,-93106.96764009698,67152.87832085075,Medical,sales_amount
2023-10-08,-23138.97860989331,-102453.62453730691,56304.3525536232,Medical,sales_amount
2023-10-15,-23905.42024706432,-107240.27577008738,55490.68754326571,Medical,sales_amount
2023-10-22,-10294.430831866179,-88122.18527964971,62774.8329100241,Medical,sales_amount
2023-10-29,2149.020845542065,-73355.99710406373,77664.05547448035,Medical,sales_amount
2023-11-05,-1112.2618015665212,-74913.43576068494,81732.63429375851,Medical,sales_amount
2023-11-12,-9965.833645929379,-87182.74548625578,66194.67714844596,Medical,sales_amount
2023-11-19,262.58714578863874,-85535.46373874127,76847.9123452514,Medical,sales_amount
2023-11-26,34420.59780385998,-48980.33288119046,109085.25809031355,Medical,sales_amount
2023-12-03,65961.83902884583,-11421.268119232333,148977.9752603859,Medical,sales_amount
2023-12-10,69579.450329945,-12663.031374472288,148159.83733264235,Medical,sales_amount
2023-12-17,59369.566784454226,-17239.605745788645,140538.0744886178,Medical,sales_amount
2023-12-24,78945.04322802971,-273.33906903871275,159884.38407888697,Medical,sales_amount
2023-12-31,146520.63622170163,64742.35707325376,228521.98048794502,Medical,sales_amount
2024-01-07,219211.94160658366,139172.5465114735,298374.68171487894,Medical,sales_amount
2024-01-14,226557.53749243804,147029.71300539808,313699.2697816931,Medical,sales_amount
2024-01-21,143526.44074000174,68254.84425456978,225342.64482249256,Medical,sales_amount
2024-01-28,22116.24747516583,-57003.43932940805,101308.87981363719,Medical,sales_amount
2024-02-04,-56940.9292559101,-141075.91887355776,21282.335405317288,Medical,sales_amount
2024-02-11,-61268.47458583025,-139737.32162665954,20366.00863822693,Medical,sales_amount
2024-02-18,-29702.278377312476,-113026.14308321403,46459.78337836504,Medical,sales_amount
2024-02-25,-20900.592982693248,-101612.84796055254,62622.583912605,Medical,sales_amount
2024-03-03,-50505.18532745009,-131711.59546940174,32259.917664873483,Medical,sales_amount
2024-03-10,-85883.47388097052,-170891.00181861312,-15710.345754737415,Medical,sales_amount
2024-03-17,-94761.95960713999,-173257.2645021059,-12671.016328138014,Medical,sales_amount
2024-03-24,-83007.01924059214,-166062.786180753,-4770.114498675517,Medical,sales_amount
2024-03-31,-78215.82941676179,-157545.36084512508,4802.617604793598,Medical,sales_amount
2024-04-07,-86885.58379112853,-169469.02119569608,-5157.324914229821,Medical,sales_amount
2024-04-14,-83379.31294463397,-162925.33772301464,-1064.5353037975638,Medical,sales_amount
2024-04-21,-44357.88132169325,-123295.80461902573,39415.51940907729,Medical,sales_amount
2024-04-28,16860.21754034937,-60630.41331784294,93656.61695948376,Medical,sales_amount
2024-05-05,60525.27036438659,-24149.527745647298,137055.66716018718,Medical,sales_amount
2024-05-12,62856.96851301356,-13617.364007993569,144723.21302893595,Medical,sales_amount
2024-05-19,39155.884788692405,-38635.24189888537,122284.36201221554,Medical,sales_amount
2024-05-26,22352.10828576381,-61056.5804127668,98985.81832901314,Medical,sales_amount
2024-06-02,26535.293669094797,-56475.564983774595,109060.46076508777,Medical,sales_amount
2024-06-09,38857.73201377057,-43068.336033686064,117049.44902529754,Medical,sales_amount
2024-06-16,42972.765875813515,-38774.739308295306,125651.29565428219,Medical,sales_amount
2024-06-23,38742.60183533032,-41825.619421100215,119903.15913701577,Medical,sales_amount
2024-06-30,34859.611704177136,-52805.254166480336,107937.70222483418,Medical,sales_amount
2024-07-07,32116.022869952776,-50517.48789682761,110389.12813178166,Medical,sales_amount
2024-07-14,26618.483716513874,-53198.437059702956,109247.96761497155,Medical,sales_amount
2024-07-21,28912.210127352308,-46041.3691084244,105391.02160049387,Medical,sales_amount
2024-07-28,65365.047934111295,-19462.830592409828,140254.460798712,Medical,sales_amount
2024-08-04,147776.96391429385,73834.64005457005,226849.73266112374,Medical,sales_amount
2024-08-11,243857.36901031435,166445.1590647109,315999.39458862325,Medical,sales_amount
2024-08-18,291175.1879650948,209425.2764600314,368716.4359978743,Medical,sales_amount
2024-08-25,250043.51197940743,168584.34581625345,332621.4315758215,Medical,sales_amount
2024-09-01,141414.9911442485,56379.43031240227,216362.92892587197,Medical,sales_amount
2024-09-08,27593.008960577426,-52991.30371312225,105478.7762980101,Medical,sales_amount
2024-09-15,-43727.48225593071,-121410.30624187773,36875.99149839006,Medical,sales_amount
2024-09-22,-72178.15100406237,-151315.25287065143,4282.481657648375,Medical,sales_amount
2024-09-29,-84965.36535630432,-164263.1984072172,-6007.146855740904,Medical,sales_amount
2024-10-06,-97021.20917565339,-172148.87878902873,-16125.599912759182,Medical,sales_amount
2024-10-13,-100512.13344244618,-183536.87110775203,-20162.963432524684,Medical,sales_amount
2024-10-20,-88778.56820830668,-168466.680485247,-15313.088202305611,Medical,sales_amount
2024-10-27,-74609.16946395108,-158412.22531097825,5097.680211323451,Medical,sales_amount
2024-11-03,-74987.7536502533,-153486.3510968254,7623.067368050986,Medical,sales_amount
2024-11-10,-84656.77705753091,-163080.73799579983,-785.5467593941632,Medical,sales_amount
2024-11-17,-79174.0673063004,-167323.924098681,475.43803463881557,Medical,sales_amount
2024-11-24,-48035.34527547655,-131305.30654583272,30837.911067067293,Medical,sales_amount
2024-12-01,-13491.945256123247,-98260.25484633891,64530.68156444101,Medical,sales_amount
2024-12-08,-4550.127608420451,-79744.49507606022,74595.07223020557,Medical,sales_amount
2024-12-15,-15229.65473898662,-96043.79472179388,57843.221491335826,Medical,sales_amount
2024-12-22,-3827.5247949021823,-85694.16755112703,77025.09165479755,Medical,sales_amount
2024-12-29,56574.607310735024,-26056.92292464449,145542.22620152956,Medical,sales_amount
2025-01-05,133662.75586163203,50539.44545086627,209123.47029314117,Medical,sales_amount
2025-01-12,156683.78733192835,82127.8343034767,236130.7945237095,Medical,sales_amount
2025-01-19,87985.66527010908,9880.620553523777,168336.0187423809,Medical,sales_amount
2025-01-26,-32757.0371598118,-116179.10528275245,48165.012981653636,Medical,sales_amount
2025-02-02,-123929.20396747862,-199096.97259738317,-48497.810394197564,Medical,sales_amount
2025-02-09,-140461.50016169902,-219514.87314421198,-61219.308844693376,Medical,sales_amount
2025-02-16,-110574.61311085716,-193626.94589245698,-31961.693099111806,Medical,sales_amount
2025-02-23,-94820.58394158303,-173194.66304588938,-14524.139713272252,Medical,sales_amount
2025-03-02,-119039.59319768402,-204990.62495554375,-40481.698778616745,Medical,sales_amount
2025-03-09,-156516.8200546302,-239176.36972497555,-80243.66087849915,Medical,sales_amount
2025-03-16,-170902.79754135048,-251680.3256518682,-92689.09701399885,Medical,sales_amount
2025-03-23,-160855.69616878225,-240740.0744767101,-85240.03225623345,Medical,sales_amount
2025-03-30,-153284.49293399503,-225669.90479589743,-66035.83997311744,Medical,sales_amount
2025-04-06,-160768.37149645574,-238303.89929224338,-78769.52736208064,Medical,sales_amount
2025-04-13,-161833.89277893814,-238703.8702608978,-78828.15246982985,Medical,sales_amount
2025-04-20,-129403.52257714052,-206816.01855059128,-45463.75651558763,Medical,sales_amount
2025-04-27,-69496.43830896352,-149656.73442895457,9212.308555485997,Medical,sales_amount
2025-05-04,-19942.21721918754,-107054.23542893882,62671.616474442395,Medical,sales_amount
2025-05-11,-10272.818931405756,-89526.84278060944,68916.35059150799,Medical,sales_amount
2025-05-18,-31764.553047173915,-111295.81422458711,50820.00179185853,Medical,sales_amount
2025-05-25,-51721.508768341024,-133293.58521558446,27255.160502006034,Medical,sales_amount
2025-06-01,-50920.808813945085,-128537.51850414021,27940.946695147424,Medical,sales_amount
2025-06-08,-38563.85852810899,-124592.03306022467,40167.83082901597,Medical,sales_amount
2025-06-15,-32447.95784257735,-113701.4106707382,46958.54819666026,Medical,sales_amount
2025-06-22,-35834.016098378066,-124149.84237550141,47244.48277555334,Medical,sales_amount
2025-06-29,-40182.87922874512,-121163.80959112683,36322.75655554176,Medical,sales_amount
2025-07-06,-42741.788894757956,-122806.87309396974,32373.167166706513,Medical,sales_amount
2025-07-13,-47891.685152593054,-128617.03404691453,30794.340474864443,Medical,sales_amount
2025-07-20,-48719.61662281968,-125764.64229970862,33707.2634139105,Medical,sales_amount
2025-07-27,-20185.383117167035,-103050.45379646005,59361.008915770035,Medical,sales_amount
2025-08-03,54982.84864574803,-29459.497422061148,132475.73909122436,Medical,sales_amount
2025-08-10,152913.51077219434,73958.50404979724,232709.65814063174,Medical,sales_amount
2025-08-17,213260.6916026019,133249.97164530933,295752.48836379964,Medical,sales_amount
2025-08-24,188238.79922833346,106289.8647031731,267660.76553256187,Medical,sales_amount
2025-08-31,87608.86331624346,11048.919983193859,169062.76519894274,Medical,sales_amount
2025-09-07,-29922.419152826813,-111181.22332369111,51617.44211259641,Medical,sales_amount
2025-09-14,-110243.95166987657,-189183.7762830809,-30643.252881663633,Medical,sales_amount
2025-09-21,-144585.10771263664,-227877.62271660214,-66152.01350408423,Medical,sales_amount
2025-09-28,-158323.89169775104,-242586.90250732322,-84991.29684161824,Medical,sales_amount
2025-10-05,-170624.4538395714,-261241.81487347092,-89777.00703088625,Medical,sales_amount
2025-10-12,-176568.2879157932,-256173.33852882023,-98208.55780157959,Medical,sales_amount
2025-10-19,-167169.0861378167,-249119.75956479606,-85498.41164684568,Medical,sales_amount
2025-10-26,-151901.39189430122,-231482.8098092434,-76841.0972941813,Medical,sales_amount
2025-11-02,-149222.36150510848,-226253.92713436374,-63605.57154824202,Medical,sales_amount
2025-11-09,-158822.9334281984,-240027.48848523764,-73494.28147676891,Medical,sales_amount
2025-11-16,-157688.84849124058,-235934.45221735147,-72015.81205837849,Medical,sales_amount
2025-11-23,-130357.92042320046,-210540.86908897656,-56098.670958229784,Medical,sales_amount
2025-11-30,-93869.26152997876,-179915.12857455036,-10526.788554108147,Medical,sales_amount
2025-12-07,-79419.51198648626,-166141.26825274448,4762.328111275333,Medical,sales_amount
2025-12-14,-89084.89214137057,-174657.59404422983,-12756.588969809285,Medical,sales_amount
2025-12-21,-84857.92378233428,-165609.63723058777,-781.669143406167,Medical,sales_amount
2023-01-01,5213.915203068176,4033.9503914717184,6614.853786528804,Science & Technology,sales_quantity
2023-01-08,8305.957330527726,7010.779665542969,9483.115226960228,Science & Technology,sales_quantity
2023-01-15,9963.972905274504,8747.161210412873,11184.956201949497,Science & Technology,sales_quantity
2023-01-22,8989.981974651942,7744.261296939416,10331.345818046753,Science & Technology,sales_quantity
2023-01-29,6207.604395483853,5052.119635732063,7596.317293898637,Science & Technology,sales_quantity
2023-02-05,3641.198497821743,2425.8077614035233,4802.400858949853,Science & Technology,sales_quantity
2023-02-12,2618.238189881474,1437.4653888245182,3871.5475276305515,Science & Technology,sales_quantity
2023-02-19,2807.1310673416788,1563.562423489804,4153.8883905262255,Science & Technology,sales_quantity
2023-02-26,3026.412040624135,1791.6749498942218,4268.509222821403,Science & Technology,sales_quantity
2023-03-05,2673.986148892178,1397.346803717593,3998.8724962468737,Science & Technology,sales_quantity
2023-03-12,2144.754032026074,909.0537466960446,3376.8901023541266,Science & Technology,sales_quantity
2023-03-19,2017.630038698602,870.4985786520533,3237.3715398610693,Science & Technology,sales_quantity
2023-03-26,2239.138632702197,1049.748924150646,3472.7942222742627,Science & Technology,sales_quantity
2023-04-02,2306.0004708827983,1031.755723532213,3530.1963080991427,Science & Technology,sales_quantity
2023-04-09,2039.8745877987367,763.4665960211427,3244.162315695229,Science & Technology,sales_quantity
2023-04-16,1836.1424041830758,617.8445818179072,3017.370186951649,Science & Technology,sales_quantity
2023-04-23,2078.796152929506,876.7587465033564,3349.3487558928655,Science & Technology,sales_quantity
2023-04-30,2563.0882312941753,1313.0673605049012,3790.973582498154,Science & Technology,sales_quantity
2023-05-07,2725.40417057505,1406.1294408032627,4004.0514743919252,Science & Technology,sales_quantity
2023-05-14,2365.4986382783213,1165.7789331049476,3624.6297582498482,Science & Technology,sales_quantity
2023-05-21,1888.0072967163642,673.2231676941825,3199.602709221816,Science & Technology,sales_quantity
2023-05-28,1754.4647167938165,487.6234216620349,2892.1140722879168,Science & Technology,sales_quantity
2023-06-04,1901.056406228287,599.4930304224154,3157.30027522376,Science & Technology,sales_quantity
2023-06-11,1900.4626842313892,670.1107419943846,3179.136092882851,Science & Technology,sales_quantity
2023-06-18,1610.1072372166614,287.2336406569966,2878.9096431524804,Science & Technology,sales_quantity
2023-06-25,1375.8399244047002,36.619838382915404,2599.3370252088425,Science & Technology,sales_quantity
2023-07-02,1487.5968904252788,163.09329959222325,2717.7487819221824,Science & Technology,sales_quantity
2023-07-09,1672.6003839063137,511.34705378276954,2922.595683751436,Science & Technology,sales_quantity
2023-07-16,1440.5967896014686,252.8290400909421,2694.5735781102485,Science & Technology,sales_quantity
2023-07-23,929.6859791548368,-273.74429378666235,2210.691060684055,Science & Technology,sales_quantity
2023-07-30,1069.9342349267822,-247.264945964151,2258.490423568601,Science & Technology,sales_quantity
2023-08-06,2603.8280792667274,1208.191807231653,3851.3380049048533,Science & Technology,sales_quantity
2023-08-13,4995.6892753864995,3649.3429644398907,6183.156676145456,Science & Technology,sales_quantity
2023-08-20,6617.963841016488,5304.123535391538,7880.523574018846,Science & Technology,sales_quantity
2023-08-27,6218.006484029629,5002.769487012602,7397.047883500862,Science & Technology,sales_quantity
2023-09-03,4132.912198132631,2901.6023600076196,5385.148054082527,Science & Technology,sales_quantity
2023-09-10,1919.840750402576,659.0214413931124,3093.242580447733,Science & Technology,sales_quantity
2023-09-17,831.8914721295807,-364.5506227899472,2049.9856028429895,Science & Technology,sales_quantity
2023-09-24,816.8632390781161,-475.1666874893669,2119.8895223970303,Science & Technology,sales_quantity
2023-10-01,997.1303814509225,-139.22817841416187,2237.860045628074,Science & Technology,sales_quantity
2023-10-08,842.0166459009961,-368.82539574060075,2097.164740336593,Science & Technology,sales_quantity
2023-10-15,594.5364546402188,-686.5775847518922,1751.7250956737805,Science & Technology,sales_quantity
2023-10-22,635.2893634982875,-517.4069060868509,1878.83170771341,Science & Technology,sales_quantity
2023-10-29,822.7814414582765,-513.4188621656372,1996.8103099393893,Science & Technology,sales_quantity
2023-11-05,725.7091061164282,-386.86051587618834,2016.4473989151195,Science & Technology,sales_quantity
2023-11-12,340.01362121838883,-882.6935794569914,1620.379863972827,Science & Technology,sales_quantity
2023-11-19,192.3878121834557,-1076.6672586738723,1450.637337739152,Science & Technology,sales_quantity
2023-11-26,608.1378574521345,-724.812376537065,1854.9232004055118,Science & Technology,sales_quantity
2023-12-03,1165.1180182699238,-87.24302410705651,2337.254170445745,Science & Technology,sales_quantity
2023-12-10,1221.5837651573133,-42.96705383405933,2519.3165255156487,Science & Technology,sales_quantity
2023-12-17,958.4277581684194,-306.62081414667546,2210.6884362023047,Science & Technology,sales_quantity
2023-12-24,1504.5065031006307,220.6936287302904,2662.093150097716,Science & Technology,sales_quantity
2023-12-31,3702.0672844599703,2445.362845269589,4884.611589441057,Science & Technology,sales_quantity
2024-01-07,6826.215048568274,5547.985427769088,8061.981961334667,Science & Technology,sales_quantity
2024-01-14,8878.029888150182,7597.465628501193,10059.836789001682,Science & Technology,sales_quantity
2024-01-21,8372.738384658001,7141.774536620345,9700.826384268756,Science & Technology,sales_quantity
2024-01-28,5775.245567643324,4544.126633647834,7035.999861314974,Science & Technology,sales_quantity
2024-02-04,3029.9999672252798,1705.7921296507825,4318.459932593147,Science & Technology,sales_quantity
2024-02-11,1709.4704427025754,444.4386285288883,2921.6062771702805,Science & Technology,sales_quantity
2024-02-18,1764.5138899821893,589.3237007508139,3042.0863256294074,Science & Technology,sales_quantity
2024-02-25,2053.4910729112357,920.8259129114713,3351.6928547620014,Science & Technology,sales_quantity
2024-03-03,1797.0091532514693,530.3400434748685,3030.359977349658,Science & Technology,sales_quantity
2024-03-10,1247.385346827635,46.688590065644966,2450.5237762452857,Science & Technology,sales_quantity
2024-03-17,1030.1019014292056,-120.20013846231197,2320.6806685057863,Science & Technology,sales_quantity
2024-03-24,1223.1801662280102,-57.697126720929724,2439.2923743171996,Science & Technology,sales_quantity
2024-03-31,1348.9121765981936,110.4361037417993,2605.664980895047,Science & Technology,sales_quantity
2024-04-07,1125.5946207805853,-207.27152776897913,2446.063358664798,Science & Technology,sales_quantity
2024-04-14,871.466823818513,-403.5836285303794,2103.162732104874,Science & Technology,sales_quantity
2024-04-21,1030.1456499434307,-210.96369496597433,2318.315062757577,Science & Technology,sales_quantity
2024-04-28,1511.532797573594,231.8230951019994,2746.7192208464885,Science & Technology,sales_quantity
2024-05-05,1764.750971626838,509.80738199952094,3098.3158201127767,Science & Technology,sales_quantity
2024-05-12,1482.1298608335094,205.78654652353737,2797.2812139614334,Science & Technology,sales_quantity
2024-05-19,983.0352467341409,-215.45818123671165,2206.3627539684685,Science & Technology,sales_quantity
2024-05-26,774.6600965414889,-386.37631766150906,1998.1658197650042,Science & Technology,sales_quantity
2024-06-02,900.2235542185326,-386.6796259345127,2098.7428774507216,Science & Technology,sales_quantity
2024-06-09,952.0935228413396,-356.73636439985705,2150.8341715184865,Science & Technology,sales_quantity
2024-06-16,698.2612762861509,-474.5359128441111,1985.2875780868744,Science & Technology,sales_quantity
2024-06-23,421.13713743312485,-863.4843978276045,1587.2770452930938,Science & Technology,sales_quantity
2024-06-30,473.7366067167718,-764.297531681121,1729.8033602219782,Science & Technology,sales_quantity
2024-07-07,686.5460244565127,-566.913664822783,1959.915911721517,Science & Technology,sales_quantity
2024-07-14,546.1003072231036,-690.6546898942767,1852.9622954244408,Science & Technology,sales_quantity
2024-07-21,32.162662160208015,-1269.4555081909066,1222.6328748106262,Science & Technology,sales_quantity
2024-07-28,-21.873309420174564,-1221.3510198563283,1263.1147857006918,Science & Technology,sales_quantity
2024-08-04,1258.3197105915683,35.07368601323316,2571.4676221370664,Science & Technology,sales_quantity
2024-08-11,3599.7194476572868,2393.240723555697,4840.853958950155,Science & Technology,sales_quantity
2024-08-18,5484.618149725628,4221.448533174626,6643.172601681111,Science & Technology,sales_quantity
2024-08-25,5472.425599176792,4186.274625262334,6676.077179087805,Science & Technology,sales_quantity
2024-09-01,3591.775453823997,2300.971808599521,4812.740649063885,Science & Technology,sales_quantity
2024-09-08,1280.139040080481,39.3136079532833,2530.910967794878,Science & Technology,sales_quantity
2024-09-15,-44.584121371048695,-1309.9776685459221,1225.7673609873,Science & Technology,sales_quantity
2024-09-22,-194.93392132892643,-1359.5501673483648,1065.1150856420109,Science & Technology,sales_quantity
2024-09-29,12.219057333726028,-1265.6948611235937,1235.5872119318378,Science & Technology,sales_quantity
2024-10-06,-82.52517680195194,-1328.4966652320747,1100.0064194329468,Science & Technology,sales_quantity
2024-10-13,-349.6962762517253,-1598.309977052546,913.3550432260678,Science & Technology,sales_quantity
2024-10-20,-367.82481605656994,-1620.2517094289478,891.9731588135148,Science & Technology,sales_quantity
2024-10-27,-173.557486564324,-1333.5222321784743,1110.3275500777534,Science & Technology,sales_quantity
2024-11-03,-199.8918198266241,-1494.2195823188856,1027.8711324400244,Science & Technology,sales_quantity
2024-11-10,-563.8990127518689,-1770.717758509814,645.9368730865518,Science & Technology,sales_quantity
2024-11-17,-795.5992278275846,-2159.399605428036,467.7015296121458,Science & Technology,sales_quantity
2024-11-24,-470.7856727464224,-1744.3862084192856,780.7208875552956,Science & Technology,sales_quantity
2024-12-01,116.24914429267324,-1172.587142194066,1357.6210916667264,Science & Technology,sales_quantity
2024-12-08,282.8744002746039,-964.1870178919587,1623.8620007898642,Science & Technology,sales_quantity
2024-12-15,11.201186798970866,-1277.1749797551167,1231.2063124237864,Science & Technology,sales_quantity
2024-12-22,320.8244165680054,-911.3939446698807,1589.3584757056447,Science & Technology,sales_quantity
2024-12-29,2223.675813112862,1068.2900188257142,3489.050175432315,Science & Technology,sales_quantity
2025-01-05,5310.8163225865765,4034.1124215638165,6534.991374093149,Science & Technology,sales_quantity
2025-01-12,7704.738962919095,6379.7417378786695,8957.566416232592,Science & Technology,sales_quantity
2025-01-19,7684.402800769315,6417.358091792858,8920.441984908066,Science & Technology,sales_quantity
2025-01-26,5339.394289338414,4053.475681920311,6563.387061359255,Science & Technology,sales_quantity
2025-02-02,2469.150230654749,1253.1622723779938,3710.318052059651,Science & Technology,sales_quantity
2025-02-09,847.7492313473554,-386.44268843453347,2038.0457678062123,Science & Technology,sales_quantity
2025-02-16,728.07308695905,-506.26757615428585,2001.2879982156262,Science & Technology,sales_quantity
2025-02-23,1059.9584461486854,-175.1538758700539,2304.299572767617,Science & Technology,sales_quantity
2025-03-02,909.6308059801315,-316.1116605563975,2080.2792968612557,Science & Technology,sales_quantity
2025-03-09,362.4287545064073,-882.446991611501,1597.619997898776,Science & Technology,sales_quantity
2025-03-16,57.41421720456333,-1157.291612490576,1337.446821736805,Science & Technology,sales_quantity
2025-03-23,204.40835301266173,-1016.6954023154683,1447.2931543277155,Science & Technology,sales_quantity
2025-03-30,378.7630781596123,-859.2819160776515,1745.1467088134982,Science & Technology,sales_quantity
2025-04-06,209.9319008619759,-1054.494865825514,1458.6257658103525,Science & Technology,sales_quantity
2025-04-13,-78.34930691597913,-1313.0420682155675,1123.505675576449,Science & Technology,sales_quantity
2025-04-20,-6.753339644215316,-1230.8927821708903,1259.6655301739718,Science & Technology,sales_quantity
2025-04-27,451.93416554675406,-820.9195656447112,1679.1106651916916,Science & Technology,sales_quantity
2025-05-04,785.0375387108445,-476.26530758138864,1998.4088510581676,Science & Technology,sales_quantity
2025-05-11,591.2835991839646,-668.3277512937942,1799.2524021332897,Science & Technology,sales_quantity
2025-05-18,88.8207178304404,-1184.4066254505508,1349.192087152962,Science & Technology,sales_quantity
2025-05-25,-193.065728063492,-1435.5045183207437,1142.8952451692462,Science & Technology,sales_quantity
2025-06-01,-103.53786391135631,-1403.1878918092978,1159.204778569963,Science & Technology,sales_quantity
2025-06-08,-7.695319809178471,-1301.4401929573892,1301.3550719736597,Science & Technology,sales_quantity
2025-06-15,-214.58206852155382,-1573.6508524762774,1013.8272821503685,Science & Technology,sales_quantity
2025-06-22,-521.3712462538324,-1706.89481737299,713.3624399581363,Science & Technology,sales_quantity
2025-06-29,-533.8313653794327,-1753.675105944625,786.4164902068283,Science & Technology,sales_quantity
2025-07-06,-312.2326752262908,-1537.7412459439333,951.3913439570455,Science & Technology,sales_quantity
2025-07-13,-363.0065834743446,-1658.7317132581436,863.2784935989143,Science & Technology,sales_quantity
2025-07-20,-850.9778660404326,-2138.6407222569414,389.8124368220381,Science & Technology,sales_quantity
2025-07-27,-1067.7345584695097,-2318.527618648791,160.69632789299754,Science & Technology,sales_quantity
2025-08-03,-49.546880656996954,-1327.5646617797702,1274.4306570870735,Science & Technology,sales_quantity
2025-08-10,2189.0315432430116,924.3711075773687,3484.252510108853,Science & Technology,sales_quantity
2025-08-17,4286.393129040243,3051.2987751226333,5534.589714754647,Science & Technology,sales_quantity
2025-08-24,4663.069884060236,3459.059494381759,5923.360545390624,Science & Technology,sales_quantity
2025-08-31,3037.046467199409,1806.8240753747946,4317.275784673162,Science & Technology,sales_quantity
2025-09-07,675.6827527194359,-611.4660726828292,1954.0167144988818,Science & Technology,sales_quantity
2025-09-14,-880.6433957653531,-2069.8817289575904,328.069079557164,Science & Technology,sales_quantity
2025-09-21,-1195.979966681423,-2588.526603741802,41.42001880401228,Science & Technology,sales_quantity
2025-09-28,-984.8368832653543,-2282.5612040569417,260.4522668477137,Science & Technology,sales_quantity
2025-10-05,-1013.4145221411593,-2335.789408125999,110.0484770343831,Science & Technology,sales_quantity
2025-10-12,-1284.4437185978827,-2464.7446658022336,-58.794806870134366,Science & Technology,sales_quantity
2025-10-19,-1362.8581232040206,-2634.8864447185765,-128.0885504340293,Science & Technology,sales_quantity
2025-10-26,-1177.9391670771936,-2433.5639509807097,168.0735609200933,Science & Technology,sales_quantity
2025-11-02,-1138.1744880392393,-2427.6762397184734,139.70457609908058,Science & Technology,sales_quantity
2025-11-09,-1463.5030894376844,-2707.7145141690116,-163.4190250887991,Science & Technology,sales_quantity
2025-11-16,-1763.556808156956,-2964.034856764788,-594.9845790347374,Science & Technology,sales_quantity
2025-11-23,-1540.0206382965027,-2773.263140343582,-234.7824574285984,Science & Technology,sales_quantity
2025-11-30,-948.0116190842109,-2164.7470905942046,317.60567229780526,Science & Technology,sales_quantity
2025-12-07,-673.0884921975794,-1982.2000167692963,618.1629885770049,Science & Technology,sales_quantity
2025-12-14,-917.6450684893686,-2176.885245100985,285.5682913231407,Science & Technology,sales_quantity
2025-12-21,-807.8357539173044,-2047.9239115950286,444.9908382766234,Science & Technology,sales_quantity
2023-01-01,278479.4222921564,216138.6345194827,338474.0871676717,Science & Technology,sales_amount
2023-01-08,444892.57936664816,383760.6046029932,504007.06267005944,Science & Technology,sales_amount
2023-01-15,529047.4631431047,464483.65530238656,587179.6441171361,Science & Technology,sales_amount
2023-01-22,469760.5900155944,414127.69882917625,531635.4918779596,Science & Technology,sales_amount
2023-01-29,315718.63474296813,254319.86453764894,375710.269280342,Science & Technology,sales_amount
2023-02-05,177720.5209997223,116539.22423634291,241292.5020735338,Science & Technology,sales_amount
2023-02-12,125726.33330069412,66293.4843088067,184450.1345085944,Science & Technology,sales_amount
2023-02-19,139219.49660689716,78702.54149867923,199022.21097588225,Science & Technology,sales_amount
2023-02-26,153152.9851521299,93651.67000037839,212161.5843084452,Science & Technology,sales_amount
2023-03-05,135198.7333931013,75250.39045339612,200528.86896903568,Science & Technology,sales_amount
2023-03-12,106943.49134734826,44972.641234432995,165527.65555252117,Science & Technology,sales_amount
2023-03-19,99358.57973657484,38277.42224492911,159185.6511081593,Science & Technology,sales_amount
2023-03-26,109520.61548440345,52112.17876971372,166977.9957438654,Science & Technology,sales_amount
2023-04-02,111313.13966601246,49536.65346257341,174046.46382905674,Science & Technology,sales_amount
2023-04-09,96696.28412738934,34644.42466518136,154944.5853732696,Science & Technology,sales_amount
2023-04-16,87635.83854469167,28600.829404886048,148402.72578728478,Science & Technology,sales_amount
2023-04-23,103833.64130216252,45022.0653894198,165711.04184782604,Science & Technology,sales_amount
2023-04-30,132527.12248241698,70853.14178727048,192891.66804991805,Science & Technology,sales_amount
2023-05-07,142416.14064837585,80219.51731608556,205510.65801261473,Science & Technology,sales_amount
2023-05-14,123100.14253468426,64280.406537596136,183326.25558847794,Science & Technology,sales_amount
2023-05-21,97271.67888890207,35071.948498721395,159267.5522674932,Science & Technology,sales_amount
2023-05-28,90218.25446998746,32866.86147486874,153313.62765487318,Science & Technology,sales_amount
2023-06-04,98395.22885292346,39859.64264526055,154848.00593557296,Science & Technology,sales_amount
2023-06-11,98728.20285484719,36836.87685571799,158101.9353281434,Science & Technology,sales_amount
2023-06-18,83771.06873730205,25258.891544966362,143726.22905596314,Science & Technology,sales_amount
2023-06-25,72303.90184308327,16346.908895397868,133022.50941118944,Science & Technology,sales_amount
2023-07-02,79741.52007645865,22964.860578878965,139774.7106647971,Science & Technology,sales_amount
2023-07-09,91194.12966694166,29265.56051505902,150334.98078968958,Science & Technology,sales_amount
2023-07-16,80529.72884449147,21171.189247796687,141195.2148197669,Science & Technology,sales_amount
2023-07-23,55656.703398120226,-3134.9814584120877,115422.29974399677,Science & Technology,sales_amount
2023-07-30,66456.22596414812,4120.852783864069,125065.59021248829,Science & Technology,sales_amount
2023-08-06,151683.86553566734,90276.0769490321,210194.31710726258,Science & Technology,sales_amount
2023-08-13,281122.88482157444,223211.81009787452,346461.12758476735,Science & Technology,sales_amount
2023-08-20,366929.61661388783,305248.7436638568,422832.54361126875,Science & Technology,sales_amount
2023-08-27,342899.5753651315,283656.5425113909,398668.2080422712,Science & Technology,sales_amount
2023-09-03,228777.78686618467,169288.5656035195,285067.10133410717,Science & Technology,sales_amount
2023-09-10,109075.97774823749,46728.14545452897,170452.18672501933,Science & Technology,sales_amount
2023-09-17,50866.45867450265,-10477.135311477085,117563.26831679542,Science & Technology,sales_amount
2023-09-24,50727.323264119994,-1966.7584346853819,111597.56016154494,Science & Technology,sales_amount
2023-10-01,61181.275939309875,-556.8821385247323,122205.7703991112,Science & Technology,sales_amount
2023-10-08,53527.79912593973,-11251.03380687355,112393.74864190417,Science & Technology,sales_amount
2023-10-15,40392.51132033946,-22524.698637479112,99740.87955918683,Science & Technology,sales_amount
2023-10-22,41856.93808690347,-15292.927989691327,101265.57375729275,Science & Technology,sales_amount
2023-10-29,50741.219772728684,-10741.06023815794,109111.07812924283,Science & Technology,sales_amount
2023-11-05,45005.77365157058,-15209.734349471732,107129.52353433723,Science & Technology,sales_amount
2023-11-12,25014.68637429687,-34938.58298325472,81868.30380087714,Science & Technology,sales_amount
2023-11-19,18043.58799170793,-37096.83856611292,81143.3609771377,Science & Technology,sales_amount
2023-11-26,39739.32949685209,-19526.84238760237,99868.92126768777,Science & Technology,sales_amount
2023-12-03,67002.3623407833,7515.430548139827,129935.29861632711,Science & Technology,sales_amount
2023-12-10,67494.74950061808,11840.605820164881,124847.45550256544,Science & Technology,sales_amount
2023-12-17,53921.483293565165,-1979.016299290582,116397.18658513806,Science & Technology,sales_amount
2023-12-24,87543.64051202491,25030.086854333906,152994.95409919426,Science & Technology,sales_amount
2023-12-31,210552.19919321145,148913.5692251114,267946.6949202079,Science & Technology,sales_amount
2024-01-07,379652.10771949106,320386.8522049894,437081.2512767305,Science & Technology,sales_amount
2024-01-14,485760.13436703646,428046.89496161084,551546.5966120097,Science & Technology,sales_amount
2024-01-21,451674.0261362287,391531.9342223716,511019.59962699114,Science & Technology,sales_amount
2024-01-28,306883.24515698594,246862.66348528516,369681.6136430174,Science & Technology,sales_amount
2024-02-04,158499.99832463657,97552.87020380773,217092.18448120347,Science & Technology,sales_amount
2024-02-11,90167.03569227507,30822.931079975497,146663.89702013723,Science & Technology,sales_amount
2024-02-18,96569.59792843394,34981.93045888724,157307.2428394111,Science & Technology,sales_amount
2024-02-25,114493.25867815205,56469.85847107761,173969.71290770214,Science & Technology,sales_amount
2024-03-03,101866.9229121174,36524.00893512858,161371.20371754962,Science & Technology,sales_amount
2024-03-10,72654.70791672586,7996.593982749136,132995.44516482163,Science & Technology,sales_amount
2024-03-17,60413.80336288478,2855.271947859048,122534.34273416323,Science & Technology,sales_amount
2024-03-24,69189.26342309621,8466.474032541266,130998.95902638453,Science & Technology,sales_amount
2024-03-31,74043.91551968592,14530.095248938731,136823.8357559076,Science & Technology,sales_amount
2024-04-07,61366.55019666339,4056.3249359948654,123144.93909169237,Science & Technology,sales_amount
2024-04-14,49226.77819157436,-14707.007892265803,108909.4444582855,Science & Technology,sales_amount
2024-04-21,60811.63170627649,1760.4560508938607,119852.74821526106,Science & Technology,sales_amount
2024-04-28,89549.50063627756,28612.118112909306,151487.9806351694,Science & Technology,sales_amount
2024-05-05,104600.85959155881,39018.973298206394,164191.84740622874,Science & Technology,sales_amount
2024-05-12,89572.67349175535,34204.995588782156,145379.10512158013,Science & Technology,sales_amount
2024-05-19,62560.43349194662,6077.667462926788,124927.37068771357,Science & Technology,sales_amount
2024-05-26,51430.96610688887,-9233.11439576334,112222.79199249882,Science & Technology,sales_amount
2024-06-02,58463.10709010548,2071.5314355913765,119628.64969370165,Science & Technology,sales_amount
2024-06-09,61595.670433589745,4164.699273969814,122940.83559295945,Science & Technology,sales_amount
2024-06-16,48528.97497759946,-11069.238406421451,113081.98666724864,Science & Technology,sales_amount
2024-06-23,34675.50400647192,-24552.420530233565,94286.4999355179,Science & Technology,sales_amount
2024-06-30,38901.94422010547,-17853.232466237212,95727.75711273513,Science & Technology,sales_amount
2024-07-07,51835.28592817862,-8610.588666521991,113411.4559232649,Science & Technology,sales_amount
2024-07-14,46001.588665262956,-12665.43696773058,107377.75139342314,Science & Technology,sales_amount
2024-07-21,20805.19611691324,-37018.26582123007,86513.64454092637,Science & Technology,sales_amount
2024-07-28,21099.27219685872,-38498.39456056717,79585.17916967178,Science & Technology,sales_amount
2024-08-04,92891.14752519153,32703.51627990567,153886.11108619923,Science & Technology,sales_amount
2024-08-11,220029.37142636487,158649.17281200827,280667.29973905673,Science & Technology,sales_amount
2024-08-18,320311.13983546983,259740.79053046892,375025.2430757468,Science & Technology,sales_amount
2024-08-25,317202.6348957759,258418.6962449121,378337.89365645696,Science & Technology,sales_amount
2024-09-01,213888.2805759772,156898.27010819863,274123.03862074215,Science & Technology,sales_amount
2024-09-08,88652.26279339974,34043.05802646558,146712.02196139164,Science & Technology,sales_amount
2024-09-15,17582.730959256172,-41154.621637065575,78921.1127967924,Science & Technology,sales_amount
2024-09-22,10131.96905175905,-51107.01563253752,73409.80221837442,Science & Technology,sales_amount
2024-09-29,22023.43220356785,-39173.23987320688,81323.70807441477,Science & Technology,sales_amount
2024-10-06,17652.698887171995,-45034.429754901095,69737.65085280176,Science & Technology,sales_amount
2024-10-13,3591.0529499520926,-54571.24519246478,59511.715755753015,Science & Technology,sales_amount
2024-10-20,2048.7524011398637,-63135.476005959485,64854.194811057285,Science & Technology,sales_amount
2024-10-27,11305.687210359494,-46471.15974580567,73486.29740879395,Science & Technology,sales_amount
2024-11-03,9172.04592592732,-53304.860098551806,71944.03908809881,Science & Technology,sales_amount
2024-11-10,-9850.965005615755,-69959.46431173557,50942.197239043315,Science & Technology,sales_amount
2024-11-17,-21242.81022010078,-77548.62396186807,38829.712366028245,Science & Technology,sales_amount
2024-11-24,-4046.4371692619243,-62636.80045290093,53579.95781796631,Science & Technology,sales_amount
2024-12-01,25103.480701131855,-35129.54136017194,88207.78466890394,Science & Technology,sales_amount
2024-12-08,31255.97423285967,-30013.111654106837,89428.42239300463,Science & Technology,sales_amount
2024-12-15,16520.011062792197,-45696.47052383671,75770.57288634326,Science & Technology,sales_amount
2024-12-22,36904.13526472525,-22314.067438517875,92757.59602817558,Science & Technology,sales_amount
2024-12-29,144296.97295613788,83734.03204559126,202773.92333165687,Science & Technology,sales_amount
2025-01-05,312311.85516009305,254127.08021610472,372457.0424421964,Science & Technology,sales_amount
2025-01-12,437684.72233606764,375167.69921799,499054.27407058555,Science & Technology,sales_amount
2025-01-19,429827.94475133385,368850.3861015563,491257.17602934426,Science & Technology,sales_amount
2025-01-26,298009.0989927057,237541.94695180663,363237.5910973882,Science & Technology,sales_amount
2025-02-02,142101.39020834843,80418.52248173901,200573.1470336151,Science & Technology,sales_amount
2025-02-09,57159.05526879027,-3380.5886958447672,117697.50024468535,Science & Technology,sales_amount
2025-02-16,54212.99522742379,-3565.1008565370385,114527.10132667318,Science & Technology,sales_amount
2025-02-23,74684.95453596185,19261.5810711262,134907.28116407053,Science & Technology,sales_amount
2025-03-02,67951.42636606988,6253.856884159771,128003.97671966814,Science & Technology,sales_amount
2025-03-09,39005.11270290665,-22905.08882697219,96310.27242367851,Science & Technology,sales_amount
2025-03-16,22230.762470030462,-37787.67320306917,80298.03631153195,Science & Technology,sales_amount
2025-03-23,28694.510597672466,-27509.018717363422,88659.69323589792,Science & Technology,sales_amount
2025-03-30,36113.45389920332,-18213.62270068068,100556.83326070271,Science & Technology,sales_amount
2025-04-06,26037.29557713825,-32887.45869498702,82913.18309665076,Science & Technology,sales_amount
2025-04-13,11668.58302478354,-44613.19044323621,71885.37621294627,Science & Technology,sales_amount
2025-04-20,18413.53668321804,-43459.60119720994,76313.19621293276,Science & Technology,sales_amount
2025-04-27,46090.04539674824,-13404.530838115872,105128.5738502534,Science & Technology,sales_amount
2025-05-04,65718.11278866247,4354.360888412576,123032.33132106831,Science & Technology,sales_amount
2025-05-11,55633.364511928,-8260.351961842409,114740.16787825103,Science & Technology,sales_amount
2025-05-18,28437.627925189467,-29593.435025485673,91225.6079133827,Science & Technology,sales_amount
2025-05-25,13299.889411304976,-41402.04588621318,77050.01372424004,Science & Technology,sales_amount
2025-06-01,18374.389863498192,-38622.54044545282,79988.82769608278,Science & Technology,sales_amount
2025-06-08,23856.513832079996,-33582.848583325635,87363.07468790365,Science & Technology,sales_amount
2025-06-15,13249.254563526782,-43987.22604659766,76088.91847279563,Science & Technology,sales_amount
2025-06-22,-2285.4854091253437,-60062.29076470838,58362.51911028984,Science & Technology,sales_amount
2025-06-29,-1597.6041256208919,-66138.53884611628,51421.69796163514,Science & Technology,sales_amount
2025-07-06,11798.2397496448,-45856.47646121387,67373.21939901107,Science & Technology,sales_amount
2025-07-13,10712.035774232962,-47980.79985664104,67094.37973653832,Science & Technology,sales_amount
2025-07-20,-13245.47357391609,-74322.55048867899,51855.66890838752,Science & Technology,sales_amount
2025-07-27,-21793.388527773554,-82213.25796305054,40453.21324383951,Science & Technology,sales_amount
2025-08-03,36065.212625309454,-24472.17566100362,96171.60102507849,Science & Technology,sales_amount
2025-08-10,158066.2680828938,95110.86860533207,215126.3035783611,Science & Technology,sales_amount
2025-08-17,270157.8996098904,211147.6403394659,330168.8518683799,Science & Technology,sales_amount
2025-08-24,288086.91295550327,231206.98677710508,350610.5265141392,Science & Technology,sales_amount
2025-08-31,198311.29039055106,136312.18664726694,257457.36199091916,Science & Technology,sales_amount
2025-09-07,70160.01097767844,7796.58288538729,131058.79002742357,Science & Technology,sales_amount
2025-09-14,-13513.819237079733,-75184.07789764872,44855.54177650396,Science & Technology,sales_amount
2025-09-21,-29882.191130165404,-89645.00508223411,31478.154295258293,Science & Technology,sales_amount
2025-09-28,-17787.446359502806,-76710.22952516993,40683.524596591495,Science & Technology,sales_amount
2025-10-05,-18576.639292624695,-71641.20327117585,44039.77494102235,Science & Technology,sales_amount
2025-10-12,-32730.232414867394,-88252.4544991419,26193.83234716306,Science & Technology,sales_amount
2025-10-19,-37347.46806201586,-96059.43783326409,26164.901704515814,Science & Technology,sales_amount
2025-10-26,-28546.60715560887,-88614.38674686069,29621.817863519886,Science & Technology,sales_amount
2025-11-02,-27298.49160565662,-86325.00024317739,33969.82182200848,Science & Technology,sales_amount
2025-11-09,-44464.87897170558,-103199.2587116928,17387.067581625728,Science & Technology,sales_amount
2025-11-16,-59497.707866154014,-120306.53165177637,1774.1890463144389,Science & Technology,sales_amount
2025-11-23,-47387.42579975841,-112357.6897053255,14742.580529678118,Science & Technology,sales_amount
2025-11-30,-17639.75262105429,-75920.1618109298,37375.33256459187,Science & Technology,sales_amount
2025-12-07,-5819.711620909766,-66911.11608637893,55825.70198878549,Science & Technology,sales_amount
2025-12-14,-19758.9036719985,-78381.86826784383,41368.98709383206,Science & Technology,sales_amount
2025-12-21,-10728.372174023472,-72107.45198113834,55507.53167659199,Science & Technology,sales_amount
